1.000000e-01,-5.000000e-02,0.000000e+00
1.000000e-01,-5.000000e-02,0.000000e+00
1.000200e-01,-5.000570e-02,0.000000e+00
1.000398e-01,-5.001027e-02,0.000000e+00
1.000597e-01,-5.001441e-02,0.000000e+00
1.000795e-01,-5.001835e-02,0.000000e+00
1.000992e-01,-5.002215e-02,0.000000e+00
1.001190e-01,-5.002582e-02,0.000000e+00
1.001387e-01,-5.002937e-02,0.000000e+00
1.001584e-01,-5.003281e-02,0.000000e+00
1.001780e-01,-5.003612e-02,0.000000e+00
1.001976e-01,-5.003933e-02,0.000000e+00
1.002172e-01,-5.004242e-02,0.000000e+00
1.002367e-01,-5.004540e-02,0.000000e+00
1.002562e-01,-5.004828e-02,0.000000e+00
1.002757e-01,-5.005105e-02,0.000000e+00
1.002952e-01,-5.005371e-02,0.000000e+00
1.003146e-01,-5.005628e-02,0.000000e+00
1.003340e-01,-5.005874e-02,0.000000e+00
1.003533e-01,-5.006110e-02,0.000000e+00
1.003726e-01,-5.006337e-02,0.000000e+00
1.003919e-01,-5.006554e-02,0.000000e+00
1.004112e-01,-5.006762e-02,0.000000e+00
1.004304e-01,-5.006960e-02,0.000000e+00
1.004496e-01,-5.007150e-02,0.000000e+00
1.004687e-01,-5.007331e-02,0.000000e+00
1.004879e-01,-5.007503e-02,0.000000e+00
1.005070e-01,-5.007666e-02,0.000000e+00
1.005260e-01,-5.007821e-02,0.000000e+00
1.005451e-01,-5.007968e-02,0.000000e+00
1.005641e-01,-5.008106e-02,0.000000e+00
1.005830e-01,-5.008237e-02,0.000000e+00
1.006020e-01,-5.008360e-02,0.000000e+00
1.006209e-01,-5.008475e-02,0.000000e+00
1.006398e-01,-5.008582e-02,0.000000e+00
1.006586e-01,-5.008682e-02,0.000000e+00
1.006774e-01,-5.008775e-02,0.000000e+00
1.006962e-01,-5.008861e-02,0.000000e+00
1.007150e-01,-5.008939e-02,0.000000e+00
1.007337e-01,-5.009011e-02,0.000000e+00
1.007524e-01,-5.009076e-02,0.000000e+00
1.007711e-01,-5.009134e-02,0.000000e+00
1.007897e-01,-5.009186e-02,0.000000e+00
1.008083e-01,-5.009231e-02,0.000000e+00
1.008269e-01,-5.009270e-02,0.000000e+00
1.008454e-01,-5.009303e-02,0.000000e+00
1.008639e-01,-5.009330e-02,0.000000e+00
1.008824e-01,-5.009350e-02,0.000000e+00
1.009009e-01,-5.009365e-02,0.000000e+00
1.009193e-01,-5.009374e-02,0.000000e+00
1.009377e-01,-5.009378e-02,0.000000e+00
1.009560e-01,-5.009375e-02,0.000000e+00
1.009744e-01,-5.009368e-02,0.000000e+00
1.009927e-01,-5.009355e-02,0.000000e+00
1.010110e-01,-5.009337e-02,0.000000e+00
1.010292e-01,-5.009313e-02,0.000000e+00
1.010474e-01,-5.009285e-02,0.000000e+00
1.010656e-01,-5.009251e-02,0.000000e+00
1.010838e-01,-5.009213e-02,0.000000e+00
1.011019e-01,-5.009170e-02,0.000000e+00
1.011200e-01,-5.009122e-02,0.000000e+00
1.011381e-01,-5.009069e-02,0.000000e+00
1.011561e-01,-5.009012e-02,0.000000e+00
1.011741e-01,-5.008951e-02,0.000000e+00
1.011921e-01,-5.008885e-02,0.000000e+00
1.012101e-01,-5.008815e-02,0.000000e+00
1.012280e-01,-5.008740e-02,0.000000e+00
1.012459e-01,-5.008662e-02,0.000000e+00
1.012637e-01,-5.008579e-02,0.000000e+00
1.012816e-01,-5.008493e-02,0.000000e+00
1.012994e-01,-5.008402e-02,0.000000e+00
1.013172e-01,-5.008308e-02,0.000000e+00
1.013349e-01,-5.008209e-02,0.000000e+00
1.013526e-01,-5.008108e-02,0.000000e+00
1.013703e-01,-5.008002e-02,0.000000e+00
1.013880e-01,-5.007893e-02,0.000000e+00
1.014056e-01,-5.007781e-02,0.000000e+00
1.014232e-01,-5.007665e-02,0.000000e+00
1.014408e-01,-5.007545e-02,0.000000e+00
1.014583e-01,-5.007423e-02,0.000000e+00
1.014759e-01,-5.007297e-02,0.000000e+00
1.014933e-01,-5.007168e-02,0.000000e+00
1.015108e-01,-5.007035e-02,0.000000e+00
1.015282e-01,-5.006900e-02,0.000000e+00
1.015456e-01,-5.006762e-02,0.000000e+00
1.015630e-01,-5.006621e-02,0.000000e+00
1.015804e-01,-5.006477e-02,0.000000e+00
1.015977e-01,-5.006330e-02,0.000000e+00
1.016150e-01,-5.006180e-02,0.000000e+00
1.016322e-01,-5.006028e-02,0.000000e+00
1.016495e-01,-5.005872e-02,0.000000e+00
1.016667e-01,-5.005715e-02,0.000000e+00
1.016839e-01,-5.005554e-02,0.000000e+00
1.017010e-01,-5.005392e-02,0.000000e+00
1.017181e-01,-5.005226e-02,0.000000e+00
1.017352e-01,-5.005059e-02,0.000000e+00
1.017523e-01,-5.004888e-02,0.000000e+00
1.017693e-01,-5.004716e-02,0.000000e+00
1.017863e-01,-5.004541e-02,0.000000e+00
1.018033e-01,-5.004364e-02,0.000000e+00
1.018203e-01,-5.004185e-02,0.000000e+00
1.018372e-01,-5.004004e-02,0.000000e+00
1.018541e-01,-5.003820e-02,0.000000e+00
1.018709e-01,-5.003635e-02,0.000000e+00
1.018878e-01,-5.003448e-02,0.000000e+00
1.019046e-01,-5.003258e-02,0.000000e+00
1.019214e-01,-5.003067e-02,0.000000e+00
1.019381e-01,-5.002873e-02,0.000000e+00
1.019549e-01,-5.002678e-02,0.000000e+00
1.019716e-01,-5.002481e-02,0.000000e+00
1.019882e-01,-5.002282e-02,0.000000e+00
1.020049e-01,-5.002082e-02,0.000000e+00
1.020215e-01,-5.001880e-02,0.000000e+00
1.020381e-01,-5.001676e-02,0.000000e+00
1.020546e-01,-5.001470e-02,0.000000e+00
1.020712e-01,-5.001263e-02,0.000000e+00
1.020877e-01,-5.001054e-02,0.000000e+00
1.021042e-01,-5.000844e-02,0.000000e+00
1.021206e-01,-5.000632e-02,0.000000e+00
1.021370e-01,-5.000419e-02,0.000000e+00
1.021534e-01,-5.000204e-02,0.000000e+00
1.021698e-01,-4.999988e-02,0.000000e+00
1.021861e-01,-4.999770e-02,0.000000e+00
1.022024e-01,-4.999551e-02,0.000000e+00
1.022187e-01,-4.999331e-02,0.000000e+00
1.022350e-01,-4.999110e-02,0.000000e+00
1.022512e-01,-4.998887e-02,0.000000e+00
1.022674e-01,-4.998663e-02,0.000000e+00
1.022836e-01,-4.998438e-02,0.000000e+00
1.022997e-01,-4.998211e-02,0.000000e+00
1.023159e-01,-4.997984e-02,0.000000e+00
1.023319e-01,-4.997755e-02,0.000000e+00
1.023480e-01,-4.997526e-02,0.000000e+00
1.023641e-01,-4.997295e-02,0.000000e+00
1.023801e-01,-4.997063e-02,0.000000e+00
1.023960e-01,-4.996830e-02,0.000000e+00
1.024120e-01,-4.996596e-02,0.000000e+00
1.024279e-01,-4.996361e-02,0.000000e+00
1.024438e-01,-4.996125e-02,0.000000e+00
1.024597e-01,-4.995889e-02,0.000000e+00
1.024756e-01,-4.995651e-02,0.000000e+00
1.024914e-01,-4.995413e-02,0.000000e+00
1.025072e-01,-4.995173e-02,0.000000e+00
1.025229e-01,-4.994933e-02,0.000000e+00
1.025387e-01,-4.994692e-02,0.000000e+00
1.025544e-01,-4.994450e-02,0.000000e+00
1.025701e-01,-4.994208e-02,0.000000e+00
1.025857e-01,-4.993964e-02,0.000000e+00
1.026014e-01,-4.993720e-02,0.000000e+00
1.026170e-01,-4.993475e-02,0.000000e+00
1.026325e-01,-4.993230e-02,0.000000e+00
1.026481e-01,-4.992984e-02,0.000000e+00
1.026636e-01,-4.992737e-02,0.000000e+00
1.026791e-01,-4.992490e-02,0.000000e+00
1.026946e-01,-4.992242e-02,0.000000e+00
1.027100e-01,-4.991993e-02,0.000000e+00
1.027254e-01,-4.991744e-02,0.000000e+00
1.027408e-01,-4.991494e-02,0.000000e+00
1.027562e-01,-4.991243e-02,0.000000e+00
1.027715e-01,-4.990993e-02,0.000000e+00
1.027868e-01,-4.990741e-02,0.000000e+00
1.028021e-01,-4.990489e-02,0.000000e+00
1.028174e-01,-4.990237e-02,0.000000e+00
1.028326e-01,-4.989984e-02,0.000000e+00
1.028478e-01,-4.989731e-02,0.000000e+00
1.028630e-01,-4.989477e-02,0.000000e+00
1.028781e-01,-4.989223e-02,0.000000e+00
1.028933e-01,-4.988968e-02,0.000000e+00
1.029084e-01,-4.988713e-02,0.000000e+00
1.029234e-01,-4.988458e-02,0.000000e+00
1.029385e-01,-4.988202e-02,0.000000e+00
1.029535e-01,-4.987946e-02,0.000000e+00
1.029685e-01,-4.987690e-02,0.000000e+00
1.029835e-01,-4.987433e-02,0.000000e+00
1.029984e-01,-4.987176e-02,0.000000e+00
1.030133e-01,-4.986919e-02,0.000000e+00
1.030282e-01,-4.986661e-02,0.000000e+00
1.030431e-01,-4.986403e-02,0.000000e+00
1.030579e-01,-4.986145e-02,0.000000e+00
1.030727e-01,-4.985887e-02,0.000000e+00
1.030875e-01,-4.985628e-02,0.000000e+00
1.031022e-01,-4.985369e-02,0.000000e+00
1.031170e-01,-4.985110e-02,0.000000e+00
1.031317e-01,-4.984851e-02,0.000000e+00
1.031463e-01,-4.984591e-02,0.000000e+00
1.031610e-01,-4.984332e-02,0.000000e+00
1.031756e-01,-4.984072e-02,0.000000e+00
1.031902e-01,-4.983812e-02,0.000000e+00
1.032048e-01,-4.983552e-02,0.000000e+00
1.032193e-01,-4.983292e-02,0.000000e+00
1.032339e-01,-4.983031e-02,0.000000e+00
1.032484e-01,-4.982771e-02,0.000000e+00
1.032628e-01,-4.982510e-02,0.000000e+00
1.032773e-01,-4.982249e-02,0.000000e+00
1.032917e-01,-4.981989e-02,0.000000e+00
1.033061e-01,-4.981728e-02,0.000000e+00
1.033205e-01,-4.981467e-02,0.000000e+00
1.033348e-01,-4.981206e-02,0.000000e+00
1.033491e-01,-4.980945e-02,0.000000e+00
1.033634e-01,-4.980684e-02,0.000000e+00
1.033777e-01,-4.980423e-02,0.000000e+00
1.033919e-01,-4.980161e-02,0.000000e+00
1.034061e-01,-4.979900e-02,0.000000e+00
1.034203e-01,-4.979639e-02,0.000000e+00
1.034345e-01,-4.979378e-02,0.000000e+00
1.034486e-01,-4.979117e-02,0.000000e+00
1.034627e-01,-4.978856e-02,0.000000e+00
1.034768e-01,-4.978594e-02,0.000000e+00
1.034909e-01,-4.978333e-02,0.000000e+00
1.035049e-01,-4.978072e-02,0.000000e+00
1.035189e-01,-4.977811e-02,0.000000e+00
1.035329e-01,-4.977550e-02,0.000000e+00
1.035469e-01,-4.977289e-02,0.000000e+00
1.035608e-01,-4.977028e-02,0.000000e+00
1.035747e-01,-4.976768e-02,0.000000e+00
1.035886e-01,-4.976507e-02,0.000000e+00
1.036025e-01,-4.976246e-02,0.000000e+00
1.036163e-01,-4.975986e-02,0.000000e+00
1.036301e-01,-4.975725e-02,0.000000e+00
1.036439e-01,-4.975465e-02,0.000000e+00
1.036576e-01,-4.975205e-02,0.000000e+00
1.036714e-01,-4.974945e-02,0.000000e+00
1.036851e-01,-4.974685e-02,0.000000e+00
1.036988e-01,-4.974425e-02,0.000000e+00
1.037124e-01,-4.974165e-02,0.000000e+00
1.037261e-01,-4.973905e-02,0.000000e+00
1.037397e-01,-4.973646e-02,0.000000e+00
1.037533e-01,-4.973386e-02,0.000000e+00
1.037668e-01,-4.973127e-02,0.000000e+00
1.037804e-01,-4.972868e-02,0.000000e+00
1.037939e-01,-4.972609e-02,0.000000e+00
1.038074e-01,-4.972351e-02,0.000000e+00
1.038208e-01,-4.972092e-02,0.000000e+00
1.038343e-01,-4.971834e-02,0.000000e+00
1.038477e-01,-4.971576e-02,0.000000e+00
1.038611e-01,-4.971318e-02,0.000000e+00
1.038744e-01,-4.971060e-02,0.000000e+00
1.038878e-01,-4.970803e-02,0.000000e+00
1.039011e-01,-4.970545e-02,0.000000e+00
1.039144e-01,-4.970288e-02,0.000000e+00
1.039276e-01,-4.970031e-02,0.000000e+00
1.039409e-01,-4.969774e-02,0.000000e+00
1.039541e-01,-4.969518e-02,0.000000e+00
1.039673e-01,-4.969262e-02,0.000000e+00
1.039805e-01,-4.969006e-02,0.000000e+00
1.039936e-01,-4.968750e-02,0.000000e+00
1.040067e-01,-4.968494e-02,0.000000e+00
1.040198e-01,-4.968239e-02,0.000000e+00
1.040329e-01,-4.967984e-02,0.000000e+00
1.040459e-01,-4.967729e-02,0.000000e+00
1.040590e-01,-4.967474e-02,0.000000e+00
1.040720e-01,-4.967220e-02,0.000000e+00
1.040849e-01,-4.966966e-02,0.000000e+00
1.040979e-01,-4.966712e-02,0.000000e+00
1.041108e-01,-4.966458e-02,0.000000e+00
1.041237e-01,-4.966205e-02,0.000000e+00
1.041366e-01,-4.965952e-02,0.000000e+00
1.041494e-01,-4.965699e-02,0.000000e+00
1.041623e-01,-4.965446e-02,0.000000e+00
1.041751e-01,-4.965194e-02,0.000000e+00
1.041879e-01,-4.964942e-02,0.000000e+00
1.042006e-01,-4.964691e-02,0.000000e+00
1.042134e-01,-4.964439e-02,0.000000e+00
1.042261e-01,-4.964188e-02,0.000000e+00
1.042388e-01,-4.963937e-02,0.000000e+00
1.042514e-01,-4.963687e-02,0.000000e+00
1.042641e-01,-4.963437e-02,0.000000e+00
1.042767e-01,-4.963187e-02,0.000000e+00
1.042893e-01,-4.962937e-02,0.000000e+00
1.043019e-01,-4.962688e-02,0.000000e+00
1.043144e-01,-4.962439e-02,0.000000e+00
1.043269e-01,-4.962190e-02,0.000000e+00
1.043394e-01,-4.961942e-02,0.000000e+00
1.043519e-01,-4.961694e-02,0.000000e+00
1.043644e-01,-4.961446e-02,0.000000e+00
1.043768e-01,-4.961199e-02,0.000000e+00
1.043892e-01,-4.960952e-02,0.000000e+00
1.044016e-01,-4.960705e-02,0.000000e+00
1.044140e-01,-4.960458e-02,0.000000e+00
1.044263e-01,-4.960212e-02,0.000000e+00
1.044386e-01,-4.959966e-02,0.000000e+00
1.044509e-01,-4.959721e-02,0.000000e+00
1.044632e-01,-4.959476e-02,0.000000e+00
1.044754e-01,-4.959231e-02,0.000000e+00
1.044877e-01,-4.958987e-02,0.000000e+00
1.044999e-01,-4.958742e-02,0.000000e+00
1.045120e-01,-4.958499e-02,0.000000e+00
1.045242e-01,-4.958255e-02,0.000000e+00
1.045363e-01,-4.958012e-02,0.000000e+00
1.045484e-01,-4.957769e-02,0.000000e+00
1.045605e-01,-4.957527e-02,0.000000e+00
1.045726e-01,-4.957285e-02,0.000000e+00
1.045846e-01,-4.957043e-02,0.000000e+00
1.045967e-01,-4.956802e-02,0.000000e+00
1.046087e-01,-4.956561e-02,0.000000e+00
1.046206e-01,-4.956320e-02,0.000000e+00
1.046326e-01,-4.956080e-02,0.000000e+00
1.046445e-01,-4.955840e-02,0.000000e+00
1.046564e-01,-4.955601e-02,0.000000e+00
1.046683e-01,-4.955361e-02,0.000000e+00
1.046802e-01,-4.955122e-02,0.000000e+00
1.046920e-01,-4.954884e-02,0.000000e+00
1.047038e-01,-4.954646e-02,0.000000e+00
1.047156e-01,-4.954408e-02,0.000000e+00
1.047274e-01,-4.954171e-02,0.000000e+00
1.047391e-01,-4.953934e-02,0.000000e+00
1.047509e-01,-4.953697e-02,0.000000e+00
1.047626e-01,-4.953461e-02,0.000000e+00
1.047743e-01,-4.953225e-02,0.000000e+00
1.047859e-01,-4.952989e-02,0.000000e+00
1.047976e-01,-4.952754e-02,0.000000e+00
1.048092e-01,-4.952519e-02,0.000000e+00
1.048208e-01,-4.952285e-02,0.000000e+00
1.048323e-01,-4.952051e-02,0.000000e+00
1.048439e-01,-4.951817e-02,0.000000e+00
1.048554e-01,-4.951584e-02,0.000000e+00
1.048669e-01,-4.951351e-02,0.000000e+00
1.048784e-01,-4.951118e-02,0.000000e+00
1.048899e-01,-4.950886e-02,0.000000e+00
1.049013e-01,-4.950654e-02,0.000000e+00
1.049128e-01,-4.950423e-02,0.000000e+00
1.049242e-01,-4.950192e-02,0.000000e+00
1.049355e-01,-4.949961e-02,0.000000e+00
1.049469e-01,-4.949731e-02,0.000000e+00
1.049582e-01,-4.949501e-02,0.000000e+00
1.049695e-01,-4.949272e-02,0.000000e+00
1.049808e-01,-4.949043e-02,0.000000e+00
1.049921e-01,-4.948814e-02,0.000000e+00
1.050033e-01,-4.948586e-02,0.000000e+00
1.050146e-01,-4.948358e-02,0.000000e+00
1.050258e-01,-4.948130e-02,0.000000e+00
1.050370e-01,-4.947903e-02,0.000000e+00
1.050481e-01,-4.947676e-02,0.000000e+00
1.050593e-01,-4.947450e-02,0.000000e+00
1.050704e-01,-4.947224e-02,0.000000e+00
1.050815e-01,-4.946998e-02,0.000000e+00
1.050926e-01,-4.946773e-02,0.000000e+00
1.051036e-01,-4.946548e-02,0.000000e+00
1.051147e-01,-4.946323e-02,0.000000e+00
1.051257e-01,-4.946099e-02,0.000000e+00
1.051367e-01,-4.945876e-02,0.000000e+00
1.051477e-01,-4.945652e-02,0.000000e+00
1.051586e-01,-4.945429e-02,0.000000e+00
1.051695e-01,-4.945207e-02,0.000000e+00
1.051804e-01,-4.944985e-02,0.000000e+00
1.051913e-01,-4.944763e-02,0.000000e+00
1.052022e-01,-4.944542e-02,0.000000e+00
1.052131e-01,-4.944321e-02,0.000000e+00
1.052239e-01,-4.944100e-02,0.000000e+00
1.052347e-01,-4.943880e-02,0.000000e+00
1.052455e-01,-4.943660e-02,0.000000e+00
1.052562e-01,-4.943441e-02,0.000000e+00
1.052670e-01,-4.943222e-02,0.000000e+00
1.052777e-01,-4.943003e-02,0.000000e+00
1.052884e-01,-4.942785e-02,0.000000e+00
1.052991e-01,-4.942567e-02,0.000000e+00
1.053098e-01,-4.942350e-02,0.000000e+00
1.053204e-01,-4.942133e-02,0.000000e+00
1.053310e-01,-4.941916e-02,0.000000e+00
1.053416e-01,-4.941700e-02,0.000000e+00
1.053522e-01,-4.941484e-02,0.000000e+00
1.053628e-01,-4.941269e-02,0.000000e+00
1.053733e-01,-4.941054e-02,0.000000e+00
1.053838e-01,-4.940839e-02,0.000000e+00
1.053943e-01,-4.940625e-02,0.000000e+00
1.054048e-01,-4.940411e-02,0.000000e+00
1.054153e-01,-4.940197e-02,0.000000e+00
1.054257e-01,-4.939984e-02,0.000000e+00
1.054361e-01,-4.939772e-02,0.000000e+00
1.054465e-01,-4.939559e-02,0.000000e+00
1.054569e-01,-4.939347e-02,0.000000e+00
1.054673e-01,-4.939136e-02,0.000000e+00
1.054776e-01,-4.938925e-02,0.000000e+00
1.054879e-01,-4.938714e-02,0.000000e+00
1.054983e-01,-4.938504e-02,0.000000e+00
1.055085e-01,-4.938294e-02,0.000000e+00
1.055188e-01,-4.938084e-02,0.000000e+00
1.055290e-01,-4.937875e-02,0.000000e+00
1.055393e-01,-4.937666e-02,0.000000e+00
1.055495e-01,-4.937458e-02,0.000000e+00
1.055596e-01,-4.937250e-02,0.000000e+00
1.055698e-01,-4.937042e-02,0.000000e+00
1.055800e-01,-4.936835e-02,0.000000e+00
1.055901e-01,-4.936628e-02,0.000000e+00
1.056002e-01,-4.936422e-02,0.000000e+00
1.056103e-01,-4.936215e-02,0.000000e+00
1.056203e-01,-4.936010e-02,0.000000e+00
1.056304e-01,-4.935805e-02,0.000000e+00
1.056404e-01,-4.935600e-02,0.000000e+00
1.056504e-01,-4.935395e-02,0.000000e+00
1.056604e-01,-4.935191e-02,0.000000e+00
1.056704e-01,-4.934987e-02,0.000000e+00
1.056803e-01,-4.934784e-02,0.000000e+00
1.056903e-01,-4.934581e-02,0.000000e+00
1.057002e-01,-4.934378e-02,0.000000e+00
1.057101e-01,-4.934176e-02,0.000000e+00
1.057199e-01,-4.933974e-02,0.000000e+00
1.057298e-01,-4.933773e-02,0.000000e+00
1.057396e-01,-4.933572e-02,0.000000e+00
1.057495e-01,-4.933371e-02,0.000000e+00
1.057593e-01,-4.933171e-02,0.000000e+00
1.057690e-01,-4.932971e-02,0.000000e+00
1.057788e-01,-4.932772e-02,0.000000e+00
1.057885e-01,-4.932573e-02,0.000000e+00
1.057983e-01,-4.932374e-02,0.000000e+00
1.058080e-01,-4.932176e-02,0.000000e+00
1.058177e-01,-4.931978e-02,0.000000e+00
1.058273e-01,-4.931780e-02,0.000000e+00
1.058370e-01,-4.931583e-02,0.000000e+00
1.058466e-01,-4.931386e-02,0.000000e+00
1.058562e-01,-4.931190e-02,0.000000e+00
1.058658e-01,-4.930994e-02,0.000000e+00
1.058754e-01,-4.930798e-02,0.000000e+00
1.058849e-01,-4.930603e-02,0.000000e+00
1.058945e-01,-4.930408e-02,0.000000e+00
1.059040e-01,-4.930213e-02,0.000000e+00
1.059135e-01,-4.930019e-02,0.000000e+00
1.059230e-01,-4.929826e-02,0.000000e+00
1.059324e-01,-4.929632e-02,0.000000e+00
1.059419e-01,-4.929439e-02,0.000000e+00
1.059513e-01,-4.929247e-02,0.000000e+00
1.059607e-01,-4.929054e-02,0.000000e+00
1.059701e-01,-4.928862e-02,0.000000e+00
1.059795e-01,-4.928671e-02,0.000000e+00
1.059889e-01,-4.928480e-02,0.000000e+00
1.059982e-01,-4.928289e-02,0.000000e+00
1.060075e-01,-4.928099e-02,0.000000e+00
1.060168e-01,-4.927909e-02,0.000000e+00
1.060261e-01,-4.927719e-02,0.000000e+00
1.060354e-01,-4.927530e-02,0.000000e+00
1.060446e-01,-4.927341e-02,0.000000e+00
1.060538e-01,-4.927152e-02,0.000000e+00
1.060630e-01,-4.926964e-02,0.000000e+00
1.060722e-01,-4.926776e-02,0.000000e+00
1.060814e-01,-4.926589e-02,0.000000e+00
1.060906e-01,-4.926402e-02,0.000000e+00
1.060997e-01,-4.926215e-02,0.000000e+00
1.061088e-01,-4.926029e-02,0.000000e+00
1.061180e-01,-4.925843e-02,0.000000e+00
1.061270e-01,-4.925658e-02,0.000000e+00
1.061361e-01,-4.925472e-02,0.000000e+00
1.061452e-01,-4.925287e-02,0.000000e+00
1.061542e-01,-4.925103e-02,0.000000e+00
1.061632e-01,-4.924919e-02,0.000000e+00
1.061722e-01,-4.924735e-02,0.000000e+00
1.061812e-01,-4.924552e-02,0.000000e+00
1.061902e-01,-4.924369e-02,0.000000e+00
1.061991e-01,-4.924186e-02,0.000000e+00
1.062081e-01,-4.924004e-02,0.000000e+00
1.062170e-01,-4.923822e-02,0.000000e+00
1.062259e-01,-4.923640e-02,0.000000e+00
1.062347e-01,-4.923459e-02,0.000000e+00
1.062436e-01,-4.923278e-02,0.000000e+00
1.062525e-01,-4.923098e-02,0.000000e+00
1.062613e-01,-4.922918e-02,0.000000e+00
1.062701e-01,-4.922738e-02,0.000000e+00
1.062789e-01,-4.922558e-02,0.000000e+00
1.062877e-01,-4.922379e-02,0.000000e+00
1.062964e-01,-4.922201e-02,0.000000e+00
1.063052e-01,-4.922022e-02,0.000000e+00
1.063139e-01,-4.921844e-02,0.000000e+00
1.063226e-01,-4.921667e-02,0.000000e+00
1.063313e-01,-4.921489e-02,0.000000e+00
1.063400e-01,-4.921312e-02,0.000000e+00
1.063486e-01,-4.921136e-02,0.000000e+00
1.063573e-01,-4.920960e-02,0.000000e+00
1.063659e-01,-4.920784e-02,0.000000e+00
1.063745e-01,-4.920608e-02,0.000000e+00
1.063831e-01,-4.920433e-02,0.000000e+00
1.063917e-01,-4.920258e-02,0.000000e+00
1.064003e-01,-4.920084e-02,0.000000e+00
1.064088e-01,-4.919910e-02,0.000000e+00
1.064173e-01,-4.919736e-02,0.000000e+00
1.064258e-01,-4.919562e-02,0.000000e+00
1.064343e-01,-4.919389e-02,0.000000e+00
1.064428e-01,-4.919216e-02,0.000000e+00
1.064513e-01,-4.919044e-02,0.000000e+00
1.064597e-01,-4.918872e-02,0.000000e+00
1.064681e-01,-4.918700e-02,0.000000e+00
1.064766e-01,-4.918529e-02,0.000000e+00
1.064850e-01,-4.918358e-02,0.000000e+00
1.064933e-01,-4.918187e-02,0.000000e+00
1.065017e-01,-4.918017e-02,0.000000e+00
1.065101e-01,-4.917847e-02,0.000000e+00
1.065184e-01,-4.917677e-02,0.000000e+00
1.065267e-01,-4.917508e-02,0.000000e+00
1.065350e-01,-4.917339e-02,0.000000e+00
1.065433e-01,-4.917170e-02,0.000000e+00
1.065516e-01,-4.917002e-02,0.000000e+00
1.065598e-01,-4.916834e-02,0.000000e+00
1.065680e-01,-4.916666e-02,0.000000e+00
1.065763e-01,-4.916499e-02,0.000000e+00
1.065845e-01,-4.916332e-02,0.000000e+00
1.065927e-01,-4.916165e-02,0.000000e+00
1.066008e-01,-4.915999e-02,0.000000e+00
1.066090e-01,-4.915833e-02,0.000000e+00
1.066171e-01,-4.915667e-02,0.000000e+00
1.066253e-01,-4.915502e-02,0.000000e+00
1.066334e-01,-4.915337e-02,0.000000e+00
1.066415e-01,-4.915172e-02,0.000000e+00
1.066495e-01,-4.915008e-02,0.000000e+00
1.066576e-01,-4.914844e-02,0.000000e+00
1.066656e-01,-4.914680e-02,0.000000e+00
1.066737e-01,-4.914517e-02,0.000000e+00
1.066817e-01,-4.914354e-02,0.000000e+00
1.066897e-01,-4.914191e-02,0.000000e+00
1.066977e-01,-4.914029e-02,0.000000e+00
1.067057e-01,-4.913867e-02,0.000000e+00
1.067136e-01,-4.913705e-02,0.000000e+00
1.067215e-01,-4.913544e-02,0.000000e+00
1.067295e-01,-4.913383e-02,0.000000e+00
1.067374e-01,-4.913222e-02,0.000000e+00
1.067453e-01,-4.913062e-02,0.000000e+00
1.067532e-01,-4.912902e-02,0.000000e+00
1.067610e-01,-4.912742e-02,0.000000e+00
1.067689e-01,-4.912582e-02,0.000000e+00
1.067767e-01,-4.912423e-02,0.000000e+00
1.067845e-01,-4.912264e-02,0.000000e+00
1.067923e-01,-4.912106e-02,0.000000e+00
1.068001e-01,-4.911948e-02,0.000000e+00
1.068079e-01,-4.911790e-02,0.000000e+00
1.068156e-01,-4.911632e-02,0.000000e+00
1.068234e-01,-4.911475e-02,0.000000e+00
1.068311e-01,-4.911318e-02,0.000000e+00
1.068388e-01,-4.911161e-02,0.000000e+00
1.068465e-01,-4.911005e-02,0.000000e+00
1.068542e-01,-4.910849e-02,0.000000e+00
1.068619e-01,-4.910693e-02,0.000000e+00
1.068695e-01,-4.910538e-02,0.000000e+00
1.068772e-01,-4.910383e-02,0.000000e+00
1.068848e-01,-4.910228e-02,0.000000e+00
1.068924e-01,-4.910074e-02,0.000000e+00
1.069000e-01,-4.909920e-02,0.000000e+00
1.069076e-01,-4.909766e-02,0.000000e+00
1.069152e-01,-4.909612e-02,0.000000e+00
1.069227e-01,-4.909459e-02,0.000000e+00
1.069302e-01,-4.909306e-02,0.000000e+00
1.069378e-01,-4.909154e-02,0.000000e+00
1.069453e-01,-4.909001e-02,0.000000e+00
1.069528e-01,-4.908849e-02,0.000000e+00
1.069602e-01,-4.908698e-02,0.000000e+00
1.069677e-01,-4.908546e-02,0.000000e+00
1.069752e-01,-4.908395e-02,0.000000e+00
1.069826e-01,-4.908244e-02,0.000000e+00
1.069900e-01,-4.908094e-02,0.000000e+00
1.069974e-01,-4.907944e-02,0.000000e+00
1.070048e-01,-4.907794e-02,0.000000e+00
1.070122e-01,-4.907644e-02,0.000000e+00
1.070196e-01,-4.907495e-02,0.000000e+00
1.070269e-01,-4.907346e-02,0.000000e+00
1.070343e-01,-4.907197e-02,0.000000e+00
1.070416e-01,-4.907049e-02,0.000000e+00
1.070489e-01,-4.906901e-02,0.000000e+00
1.070562e-01,-4.906753e-02,0.000000e+00
1.070635e-01,-4.906606e-02,0.000000e+00
1.070707e-01,-4.906458e-02,0.000000e+00
1.070780e-01,-4.906311e-02,0.000000e+00
1.070852e-01,-4.906165e-02,0.000000e+00
1.070925e-01,-4.906018e-02,0.000000e+00
1.070997e-01,-4.905872e-02,0.000000e+00
1.071069e-01,-4.905727e-02,0.000000e+00
1.071140e-01,-4.905581e-02,0.000000e+00
1.071212e-01,-4.905436e-02,0.000000e+00
1.071284e-01,-4.905291e-02,0.000000e+00
1.071355e-01,-4.905147e-02,0.000000e+00
1.071426e-01,-4.905002e-02,0.000000e+00
1.071498e-01,-4.904858e-02,0.000000e+00
1.071569e-01,-4.904714e-02,0.000000e+00
1.071640e-01,-4.904571e-02,0.000000e+00
1.071710e-01,-4.904428e-02,0.000000e+00
1.071781e-01,-4.904285e-02,0.000000e+00
1.071851e-01,-4.904142e-02,0.000000e+00
1.071922e-01,-4.904000e-02,0.000000e+00
1.071992e-01,-4.903858e-02,0.000000e+00
1.072062e-01,-4.903716e-02,0.000000e+00
1.072132e-01,-4.903575e-02,0.000000e+00
1.072202e-01,-4.903433e-02,0.000000e+00
1.072271e-01,-4.903293e-02,0.000000e+00
1.072341e-01,-4.903152e-02,0.000000e+00
1.072410e-01,-4.903012e-02,0.000000e+00
1.072480e-01,-4.902871e-02,0.000000e+00
1.072549e-01,-4.902732e-02,0.000000e+00
1.072618e-01,-4.902592e-02,0.000000e+00
1.072687e-01,-4.902453e-02,0.000000e+00
1.072755e-01,-4.902314e-02,0.000000e+00
1.072824e-01,-4.902175e-02,0.000000e+00
1.072892e-01,-4.902037e-02,0.000000e+00
1.072961e-01,-4.901899e-02,0.000000e+00
1.073029e-01,-4.901761e-02,0.000000e+00
1.073097e-01,-4.901623e-02,0.000000e+00
1.073165e-01,-4.901486e-02,0.000000e+00
1.073233e-01,-4.901349e-02,0.000000e+00
1.073301e-01,-4.901212e-02,0.000000e+00
1.073368e-01,-4.901075e-02,0.000000e+00
1.073436e-01,-4.900939e-02,0.000000e+00
1.073503e-01,-4.900803e-02,0.000000e+00
1.073570e-01,-4.900667e-02,0.000000e+00
1.073637e-01,-4.900532e-02,0.000000e+00
1.073704e-01,-4.900397e-02,0.000000e+00
1.073771e-01,-4.900262e-02,0.000000e+00
1.073838e-01,-4.900127e-02,0.000000e+00
1.073904e-01,-4.899993e-02,0.000000e+00
1.073971e-01,-4.899858e-02,0.000000e+00
1.074037e-01,-4.899725e-02,0.000000e+00
1.074103e-01,-4.899591e-02,0.000000e+00
1.074169e-01,-4.899458e-02,0.000000e+00
1.074235e-01,-4.899324e-02,0.000000e+00
1.074301e-01,-4.899192e-02,0.000000e+00
1.074366e-01,-4.899059e-02,0.000000e+00
1.074432e-01,-4.898927e-02,0.000000e+00
1.074497e-01,-4.898795e-02,0.000000e+00
1.074563e-01,-4.898663e-02,0.000000e+00
1.074628e-01,-4.898531e-02,0.000000e+00
1.074693e-01,-4.898400e-02,0.000000e+00
1.074758e-01,-4.898269e-02,0.000000e+00
1.074823e-01,-4.898138e-02,0.000000e+00
1.074887e-01,-4.898008e-02,0.000000e+00
1.074952e-01,-4.897878e-02,0.000000e+00
1.075016e-01,-4.897748e-02,0.000000e+00
1.075080e-01,-4.897618e-02,0.000000e+00
1.075145e-01,-4.897488e-02,0.000000e+00
1.075209e-01,-4.897359e-02,0.000000e+00
1.075273e-01,-4.897230e-02,0.000000e+00
1.075336e-01,-4.897101e-02,0.000000e+00
1.075400e-01,-4.896973e-02,0.000000e+00
1.075464e-01,-4.896845e-02,0.000000e+00
1.075527e-01,-4.896717e-02,0.000000e+00
1.075590e-01,-4.896589e-02,0.000000e+00
1.075654e-01,-4.896461e-02,0.000000e+00
1.075717e-01,-4.896334e-02,0.000000e+00
1.075780e-01,-4.896207e-02,0.000000e+00
1.075843e-01,-4.896080e-02,0.000000e+00
1.075905e-01,-4.895954e-02,0.000000e+00
1.075968e-01,-4.895828e-02,0.000000e+00
1.076030e-01,-4.895702e-02,0.000000e+00
1.076093e-01,-4.895576e-02,0.000000e+00
1.076155e-01,-4.895450e-02,0.000000e+00
1.076217e-01,-4.895325e-02,0.000000e+00
1.076279e-01,-4.895200e-02,0.000000e+00
1.076341e-01,-4.895075e-02,0.000000e+00
1.076403e-01,-4.894951e-02,0.000000e+00
1.076465e-01,-4.894826e-02,0.000000e+00
1.076526e-01,-4.894702e-02,0.000000e+00
1.076588e-01,-4.894579e-02,0.000000e+00
1.076649e-01,-4.894455e-02,0.000000e+00
1.076710e-01,-4.894332e-02,0.000000e+00
1.076771e-01,-4.894209e-02,0.000000e+00
1.076832e-01,-4.894086e-02,0.000000e+00
1.076893e-01,-4.893963e-02,0.000000e+00
1.076954e-01,-4.893841e-02,0.000000e+00
1.077014e-01,-4.893718e-02,0.000000e+00
1.077075e-01,-4.893597e-02,0.000000e+00
1.077135e-01,-4.893475e-02,0.000000e+00
1.077195e-01,-4.893353e-02,0.000000e+00
1.077256e-01,-4.893232e-02,0.000000e+00
1.077316e-01,-4.893111e-02,0.000000e+00
1.077376e-01,-4.892990e-02,0.000000e+00
1.077435e-01,-4.892870e-02,0.000000e+00
1.077495e-01,-4.892750e-02,0.000000e+00
1.077555e-01,-4.892630e-02,0.000000e+00
1.077614e-01,-4.892510e-02,0.000000e+00
1.077674e-01,-4.892390e-02,0.000000e+00
1.077733e-01,-4.892271e-02,0.000000e+00
1.077792e-01,-4.892152e-02,0.000000e+00
1.077851e-01,-4.892033e-02,0.000000e+00
1.077910e-01,-4.891914e-02,0.000000e+00
1.077969e-01,-4.891796e-02,0.000000e+00
1.078027e-01,-4.891677e-02,0.000000e+00
1.078086e-01,-4.891559e-02,0.000000e+00
1.078145e-01,-4.891442e-02,0.000000e+00
1.078203e-01,-4.891324e-02,0.000000e+00
1.078261e-01,-4.891207e-02,0.000000e+00
1.078319e-01,-4.891090e-02,0.000000e+00
1.078377e-01,-4.890973e-02,0.000000e+00
1.078435e-01,-4.890856e-02,0.000000e+00
1.078493e-01,-4.890740e-02,0.000000e+00
1.078551e-01,-4.890623e-02,0.000000e+00
1.078608e-01,-4.890508e-02,0.000000e+00
1.078666e-01,-4.890392e-02,0.000000e+00
1.078723e-01,-4.890276e-02,0.000000e+00
1.078781e-01,-4.890161e-02,0.000000e+00
1.078838e-01,-4.890046e-02,0.000000e+00
1.078895e-01,-4.889931e-02,0.000000e+00
1.078952e-01,-4.889816e-02,0.000000e+00
1.079009e-01,-4.889702e-02,0.000000e+00
1.079065e-01,-4.889588e-02,0.000000e+00
1.079122e-01,-4.889474e-02,0.000000e+00
1.079178e-01,-4.889360e-02,0.000000e+00
1.079235e-01,-4.889246e-02,0.000000e+00
1.079291e-01,-4.889133e-02,0.000000e+00
1.079347e-01,-4.889020e-02,0.000000e+00
1.079404e-01,-4.888907e-02,0.000000e+00
1.079460e-01,-4.888794e-02,0.000000e+00
1.079515e-01,-4.888682e-02,0.000000e+00
1.079571e-01,-4.888569e-02,0.000000e+00
1.079627e-01,-4.888457e-02,0.000000e+00
1.079682e-01,-4.888345e-02,0.000000e+00
1.079738e-01,-4.888234e-02,0.000000e+00
1.079793e-01,-4.888122e-02,0.000000e+00
1.079849e-01,-4.888011e-02,0.000000e+00
1.079904e-01,-4.887900e-02,0.000000e+00
1.079959e-01,-4.887789e-02,0.000000e+00
1.080014e-01,-4.887679e-02,0.000000e+00
1.080069e-01,-4.887568e-02,0.000000e+00
1.080123e-01,-4.887458e-02,0.000000e+00
1.080178e-01,-4.887348e-02,0.000000e+00
1.080233e-01,-4.887238e-02,0.000000e+00
1.080287e-01,-4.887129e-02,0.000000e+00
1.080341e-01,-4.887019e-02,0.000000e+00
1.080396e-01,-4.886910e-02,0.000000e+00
1.080450e-01,-4.886801e-02,0.000000e+00
1.080504e-01,-4.886692e-02,0.000000e+00
1.080558e-01,-4.886584e-02,0.000000e+00
1.080611e-01,-4.886476e-02,0.000000e+00
1.080665e-01,-4.886367e-02,0.000000e+00
1.080719e-01,-4.886260e-02,0.000000e+00
1.080772e-01,-4.886152e-02,0.000000e+00
1.080826e-01,-4.886044e-02,0.000000e+00
1.080879e-01,-4.885937e-02,0.000000e+00
1.080932e-01,-4.885830e-02,0.000000e+00
1.080985e-01,-4.885723e-02,0.000000e+00
1.081038e-01,-4.885616e-02,0.000000e+00
1.081091e-01,-4.885510e-02,0.000000e+00
1.081144e-01,-4.885403e-02,0.000000e+00
1.081197e-01,-4.885297e-02,0.000000e+00
1.081250e-01,-4.885191e-02,0.000000e+00
1.081302e-01,-4.885086e-02,0.000000e+00
1.081355e-01,-4.884980e-02,0.000000e+00
1.081407e-01,-4.884875e-02,0.000000e+00
1.081459e-01,-4.884770e-02,0.000000e+00
1.081511e-01,-4.884665e-02,0.000000e+00
1.081563e-01,-4.884560e-02,0.000000e+00
1.081615e-01,-4.884455e-02,0.000000e+00
1.081667e-01,-4.884351e-02,0.000000e+00
1.081719e-01,-4.884247e-02,0.000000e+00
1.081771e-01,-4.884143e-02,0.000000e+00
1.081822e-01,-4.884039e-02,0.000000e+00
1.081874e-01,-4.883936e-02,0.000000e+00
1.081925e-01,-4.883832e-02,0.000000e+00
1.081976e-01,-4.883729e-02,0.000000e+00
1.082027e-01,-4.883626e-02,0.000000e+00
1.082078e-01,-4.883523e-02,0.000000e+00
1.082129e-01,-4.883421e-02,0.000000e+00
1.082180e-01,-4.883318e-02,0.000000e+00
1.082231e-01,-4.883216e-02,0.000000e+00
1.082282e-01,-4.883114e-02,0.000000e+00
1.082332e-01,-4.883012e-02,0.000000e+00
1.082383e-01,-4.882910e-02,0.000000e+00
1.082433e-01,-4.882809e-02,0.000000e+00
1.082484e-01,-4.882708e-02,0.000000e+00
1.082534e-01,-4.882607e-02,0.000000e+00
1.082584e-01,-4.882506e-02,0.000000e+00
1.082634e-01,-4.882405e-02,0.000000e+00
1.082684e-01,-4.882304e-02,0.000000e+00
1.082734e-01,-4.882204e-02,0.000000e+00
1.082784e-01,-4.882104e-02,0.000000e+00
1.082833e-01,-4.882004e-02,0.000000e+00
1.082883e-01,-4.881904e-02,0.000000e+00
1.082932e-01,-4.881805e-02,0.000000e+00
1.082982e-01,-4.881705e-02,0.000000e+00
1.083031e-01,-4.881606e-02,0.000000e+00
1.083080e-01,-4.881507e-02,0.000000e+00
1.083129e-01,-4.881408e-02,0.000000e+00
1.083178e-01,-4.881309e-02,0.000000e+00
1.083227e-01,-4.881211e-02,0.000000e+00
1.083276e-01,-4.881112e-02,0.000000e+00
1.083325e-01,-4.881014e-02,0.000000e+00
1.083374e-01,-4.880916e-02,0.000000e+00
1.083422e-01,-4.880818e-02,0.000000e+00
1.083471e-01,-4.880721e-02,0.000000e+00
1.083519e-01,-4.880623e-02,0.000000e+00
1.083567e-01,-4.880526e-02,0.000000e+00
1.083616e-01,-4.880429e-02,0.000000e+00
1.083664e-01,-4.880332e-02,0.000000e+00
1.083712e-01,-4.880235e-02,0.000000e+00
1.083760e-01,-4.880139e-02,0.000000e+00
1.083808e-01,-4.880042e-02,0.000000e+00
1.083855e-01,-4.879946e-02,0.000000e+00
1.083903e-01,-4.879850e-02,0.000000e+00
1.083951e-01,-4.879754e-02,0.000000e+00
1.083998e-01,-4.879659e-02,0.000000e+00
1.084046e-01,-4.879563e-02,0.000000e+00
1.084093e-01,-4.879468e-02,0.000000e+00
1.084140e-01,-4.879373e-02,0.000000e+00
1.084187e-01,-4.879278e-02,0.000000e+00
1.084234e-01,-4.879183e-02,0.000000e+00
1.084281e-01,-4.879088e-02,0.000000e+00
1.084328e-01,-4.878994e-02,0.000000e+00
1.084375e-01,-4.878900e-02,0.000000e+00
1.084422e-01,-4.878805e-02,0.000000e+00
1.084468e-01,-4.878711e-02,0.000000e+00
1.084515e-01,-4.878618e-02,0.000000e+00
1.084561e-01,-4.878524e-02,0.000000e+00
1.084608e-01,-4.878431e-02,0.000000e+00
1.084654e-01,-4.878337e-02,0.000000e+00
1.084700e-01,-4.878244e-02,0.000000e+00
1.084746e-01,-4.878151e-02,0.000000e+00
1.084792e-01,-4.878059e-02,0.000000e+00
1.084838e-01,-4.877966e-02,0.000000e+00
1.084884e-01,-4.877874e-02,0.000000e+00
1.084930e-01,-4.877781e-02,0.000000e+00
1.084976e-01,-4.877689e-02,0.000000e+00
1.085021e-01,-4.877597e-02,0.000000e+00
1.085067e-01,-4.877506e-02,0.000000e+00
1.085112e-01,-4.877414e-02,0.000000e+00
1.085158e-01,-4.877323e-02,0.000000e+00
1.085203e-01,-4.877231e-02,0.000000e+00
1.085248e-01,-4.877140e-02,0.000000e+00
1.085293e-01,-4.877049e-02,0.000000e+00
1.085338e-01,-4.876959e-02,0.000000e+00
1.085383e-01,-4.876868e-02,0.000000e+00
1.085428e-01,-4.876778e-02,0.000000e+00
1.085473e-01,-4.876687e-02,0.000000e+00
1.085517e-01,-4.876597e-02,0.000000e+00
1.085562e-01,-4.876507e-02,0.000000e+00
1.085607e-01,-4.876417e-02,0.000000e+00
1.085651e-01,-4.876328e-02,0.000000e+00
1.085695e-01,-4.876238e-02,0.000000e+00
1.085740e-01,-4.876149e-02,0.000000e+00
1.085784e-01,-4.876060e-02,0.000000e+00
1.085828e-01,-4.875971e-02,0.000000e+00
1.085872e-01,-4.875882e-02,0.000000e+00
1.085916e-01,-4.875793e-02,0.000000e+00
1.085960e-01,-4.875705e-02,0.000000e+00
1.086004e-01,-4.875617e-02,0.000000e+00
1.086047e-01,-4.875528e-02,0.000000e+00
1.086091e-01,-4.875440e-02,0.000000e+00
1.086134e-01,-4.875353e-02,0.000000e+00
1.086178e-01,-4.875265e-02,0.000000e+00
1.086221e-01,-4.875177e-02,0.000000e+00
1.086265e-01,-4.875090e-02,0.000000e+00
1.086308e-01,-4.875003e-02,0.000000e+00
1.086351e-01,-4.874916e-02,0.000000e+00
1.086394e-01,-4.874829e-02,0.000000e+00
1.086437e-01,-4.874742e-02,0.000000e+00
1.086480e-01,-4.874655e-02,0.000000e+00
1.086523e-01,-4.874569e-02,0.000000e+00
1.086566e-01,-4.874482e-02,0.000000e+00
1.086608e-01,-4.874396e-02,0.000000e+00
1.086651e-01,-4.874310e-02,0.000000e+00
1.086693e-01,-4.874224e-02,0.000000e+00
1.086736e-01,-4.874139e-02,0.000000e+00
1.086778e-01,-4.874053e-02,0.000000e+00
1.086821e-01,-4.873968e-02,0.000000e+00
1.086863e-01,-4.873883e-02,0.000000e+00
1.086905e-01,-4.873797e-02,0.000000e+00
1.086947e-01,-4.873712e-02,0.000000e+00
1.086989e-01,-4.873628e-02,0.000000e+00
1.087031e-01,-4.873543e-02,0.000000e+00
1.087073e-01,-4.873459e-02,0.000000e+00
1.087114e-01,-4.873374e-02,0.000000e+00
1.087156e-01,-4.873290e-02,0.000000e+00
1.087198e-01,-4.873206e-02,0.000000e+00
1.087239e-01,-4.873122e-02,0.000000e+00
1.087281e-01,-4.873038e-02,0.000000e+00
1.087322e-01,-4.872955e-02,0.000000e+00
1.087363e-01,-4.872871e-02,0.000000e+00
1.087405e-01,-4.872788e-02,0.000000e+00
1.087446e-01,-4.872705e-02,0.000000e+00
1.087487e-01,-4.872622e-02,0.000000e+00
1.087528e-01,-4.872539e-02,0.000000e+00
1.087569e-01,-4.872456e-02,0.000000e+00
1.087609e-01,-4.872374e-02,0.000000e+00
1.087650e-01,-4.872291e-02,0.000000e+00
1.087691e-01,-4.872209e-02,0.000000e+00
1.087732e-01,-4.872127e-02,0.000000e+00
1.087772e-01,-4.872045e-02,0.000000e+00
1.087813e-01,-4.871963e-02,0.000000e+00
1.087853e-01,-4.871881e-02,0.000000e+00
1.087893e-01,-4.871800e-02,0.000000e+00
1.087934e-01,-4.871719e-02,0.000000e+00
1.087974e-01,-4.871637e-02,0.000000e+00
1.088014e-01,-4.871556e-02,0.000000e+00
1.088054e-01,-4.871475e-02,0.000000e+00
1.088094e-01,-4.871394e-02,0.000000e+00
1.088134e-01,-4.871314e-02,0.000000e+00
1.088174e-01,-4.871233e-02,0.000000e+00
1.088213e-01,-4.871153e-02,0.000000e+00
1.088253e-01,-4.871072e-02,0.000000e+00
1.088293e-01,-4.870992e-02,0.000000e+00
1.088332e-01,-4.870912e-02,0.000000e+00
1.088372e-01,-4.870832e-02,0.000000e+00
1.088411e-01,-4.870753e-02,0.000000e+00
1.088450e-01,-4.870673e-02,0.000000e+00
1.088489e-01,-4.870594e-02,0.000000e+00
1.088529e-01,-4.870514e-02,0.000000e+00
1.088568e-01,-4.870435e-02,0.000000e+00
1.088607e-01,-4.870356e-02,0.000000e+00
1.088646e-01,-4.870277e-02,0.000000e+00
1.088685e-01,-4.870199e-02,0.000000e+00
1.088723e-01,-4.870120e-02,0.000000e+00
1.088762e-01,-4.870042e-02,0.000000e+00
1.088801e-01,-4.869963e-02,0.000000e+00
1.088839e-01,-4.869885e-02,0.000000e+00
1.088878e-01,-4.869807e-02,0.000000e+00
1.088916e-01,-4.869729e-02,0.000000e+00
1.088955e-01,-4.869651e-02,0.000000e+00
1.088993e-01,-4.869574e-02,0.000000e+00
1.089031e-01,-4.869496e-02,0.000000e+00
1.089069e-01,-4.869419e-02,0.000000e+00
1.089108e-01,-4.869342e-02,0.000000e+00
1.089146e-01,-4.869265e-02,0.000000e+00
1.089184e-01,-4.869188e-02,0.000000e+00
1.089221e-01,-4.869111e-02,0.000000e+00
1.089259e-01,-4.869034e-02,0.000000e+00
1.089297e-01,-4.868957e-02,0.000000e+00
1.089335e-01,-4.868881e-02,0.000000e+00
1.089372e-01,-4.868805e-02,0.000000e+00
1.089410e-01,-4.868729e-02,0.000000e+00
1.089447e-01,-4.868653e-02,0.000000e+00
1.089485e-01,-4.868577e-02,0.000000e+00
1.089522e-01,-4.868501e-02,0.000000e+00
1.089560e-01,-4.868425e-02,0.000000e+00
1.089597e-01,-4.868350e-02,0.000000e+00
1.089634e-01,-4.868274e-02,0.000000e+00
1.089671e-01,-4.868199e-02,0.000000e+00
1.089708e-01,-4.868124e-02,0.000000e+00
1.089745e-01,-4.868049e-02,0.000000e+00
1.089782e-01,-4.867974e-02,0.000000e+00
1.089819e-01,-4.867899e-02,0.000000e+00
1.089855e-01,-4.867825e-02,0.000000e+00
1.089892e-01,-4.867750e-02,0.000000e+00
1.089929e-01,-4.867676e-02,0.000000e+00
1.089965e-01,-4.867602e-02,0.000000e+00
1.090002e-01,-4.867528e-02,0.000000e+00
1.090038e-01,-4.867454e-02,0.000000e+00
1.090075e-01,-4.867380e-02,0.000000e+00
1.090111e-01,-4.867306e-02,0.000000e+00
1.090147e-01,-4.867233e-02,0.000000e+00
1.090183e-01,-4.867159e-02,0.000000e+00
1.090219e-01,-4.867086e-02,0.000000e+00
1.090255e-01,-4.867013e-02,0.000000e+00
1.090291e-01,-4.866940e-02,0.000000e+00
1.090327e-01,-4.866867e-02,0.000000e+00
1.090363e-01,-4.866794e-02,0.000000e+00
1.090399e-01,-4.866721e-02,0.000000e+00
1.090434e-01,-4.866649e-02,0.000000e+00
1.090470e-01,-4.866576e-02,0.000000e+00
1.090506e-01,-4.866504e-02,0.000000e+00
1.090541e-01,-4.866432e-02,0.000000e+00
1.090577e-01,-4.866360e-02,0.000000e+00
1.090612e-01,-4.866288e-02,0.000000e+00
1.090647e-01,-4.866216e-02,0.000000e+00
1.090683e-01,-4.866144e-02,0.000000e+00
1.090718e-01,-4.866073e-02,0.000000e+00
1.090753e-01,-4.866001e-02,0.000000e+00
1.090788e-01,-4.865930e-02,0.000000e+00
1.090823e-01,-4.865859e-02,0.000000e+00
1.090858e-01,-4.865788e-02,0.000000e+00
1.090893e-01,-4.865717e-02,0.000000e+00
1.090928e-01,-4.865646e-02,0.000000e+00
1.090962e-01,-4.865575e-02,0.000000e+00
1.090997e-01,-4.865504e-02,0.000000e+00
1.091032e-01,-4.865434e-02,0.000000e+00
1.091066e-01,-4.865364e-02,0.000000e+00
1.091101e-01,-4.865293e-02,0.000000e+00
1.091135e-01,-4.865223e-02,0.000000e+00
1.091169e-01,-4.865153e-02,0.000000e+00
1.091204e-01,-4.865083e-02,0.000000e+00
1.091238e-01,-4.865014e-02,0.000000e+00
1.091272e-01,-4.864944e-02,0.000000e+00
1.091306e-01,-4.864874e-02,0.000000e+00
1.091340e-01,-4.864805e-02,0.000000e+00
1.091374e-01,-4.864736e-02,0.000000e+00
1.091408e-01,-4.864667e-02,0.000000e+00
1.091442e-01,-4.864598e-02,0.000000e+00
1.091476e-01,-4.864529e-02,0.000000e+00
1.091510e-01,-4.864460e-02,0.000000e+00
1.091544e-01,-4.864391e-02,0.000000e+00
1.091577e-01,-4.864323e-02,0.000000e+00
1.091611e-01,-4.864254e-02,0.000000e+00
1.091644e-01,-4.864186e-02,0.000000e+00
1.091678e-01,-4.864118e-02,0.000000e+00
1.091711e-01,-4.864049e-02,0.000000e+00
1.091744e-01,-4.863981e-02,0.000000e+00
1.091778e-01,-4.863914e-02,0.000000e+00
1.091811e-01,-4.863846e-02,0.000000e+00
1.091844e-01,-4.863778e-02,0.000000e+00
1.091877e-01,-4.863711e-02,0.000000e+00
1.091910e-01,-4.863643e-02,0.000000e+00
1.091943e-01,-4.863576e-02,0.000000e+00
1.091976e-01,-4.863509e-02,0.000000e+00
1.092009e-01,-4.863442e-02,0.000000e+00
1.092042e-01,-4.863375e-02,0.000000e+00
1.092075e-01,-4.863308e-02,0.000000e+00
1.092107e-01,-4.863241e-02,0.000000e+00
1.092140e-01,-4.863174e-02,0.000000e+00
1.092172e-01,-4.863108e-02,0.000000e+00
1.092205e-01,-4.863042e-02,0.000000e+00
1.092237e-01,-4.862975e-02,0.000000e+00
1.092270e-01,-4.862909e-02,0.000000e+00
1.092302e-01,-4.862843e-02,0.000000e+00
1.092334e-01,-4.862777e-02,0.000000e+00
1.092367e-01,-4.862711e-02,0.000000e+00
1.092399e-01,-4.862645e-02,0.000000e+00
1.092431e-01,-4.862580e-02,0.000000e+00
1.092463e-01,-4.862514e-02,0.000000e+00
1.092495e-01,-4.862449e-02,0.000000e+00
1.092527e-01,-4.862384e-02,0.000000e+00
